<?xml version="1.0" encoding="utf-8"?>
<addtomenu>
	<name>Example Component XML - com_example : Example</name>
	<version>1.6.1</version>
	<author>NoNumber! (Peter van Westen)</author>
	<authorEmail>peter@nonumber.nl</authorEmail>
	<authorUrl>http://www.nonumber.nl</authorUrl>
	<copyright>Copyright © 2011 NoNumber! All Rights Reserved</copyright>
	<license>http://www.gnu.org/licenses/gpl-2.0.html GNU/GPL</license>
	<description><![CDATA[
		This is an example template
	]]></description>

	<params>
		<!-- Name
		 * This is the name of the menu item type
		-->
		<name>Example</name>

		<!-- Adjust height
		 * If for some reason the height of the popup window is
		 * not big enough (or too big), you can adjust it
		 * (negative values are also permitted)
		-->
		<adjust_height>0</adjust_height>

		<!-- Requirements (get/post variables)
		 * -> Use '*' to match anything but empty
		 * -> Use '+' to match anything but false (empty/0/false)
		 * -> Use comma's to match any of multiple values
		-->
		<required>
			<task>edit</task>
			<cid>*</cid>
		</required>

		<!-- Database select
		 * Define what options to use to select the unique item
		 * You have to define table, where, name and alias
		 * If no db lookup is required, only define name (and alias)
		 * -> Use '$...' to use available variables
		-->
		<dbselect>
			<table>#__some_table_name</table>
			<where>
				<id>$cid</id>
			</where>
			<name>title</name>
			<alias>alias</alias>
		</dbselect>

		<!-- Extra options
		 * Define what extra options to display
		 * For type, choose from:
		 * text, textarea, hidden (use value)
		 * select, radio (use values)
		 * -> Use '$...' to use available variables
		-->
		<extras>
			<extra>
				<name>Extra setting</name>
				<type>select</type>
				<param>extra</param>
				<values>
					<value>
						<name>First value</name>
						<value>1</value>
					</value>
					<value>
						<name>Second value</name>
						<value>2</value>
					</value>
				</values>
			</extra>

			<extra><type>toggler</type><param>extra</param><value>1</value></extra>
				<extra>
					<name>Text 1</name>
					<type>text</type>
					<param>text1</param>
					<value>1</value>
					<style>width:50px</style>
				</extra>
			<extra><type>toggler</type></extra>

			<extra><type>toggler</type><param>extra</param><value>2</value></extra>
				<extra>
					<name>Text 2</name>
					<type>text</type>
					<param>text2</param>
					<value>1</value>
					<style>width:50px</style>
				</extra>
			<extra><type>toggler</type></extra>
		</extras>

		<!-- URL parameters
		 * Define what the menu item url should contain
		 * -> Use '$...' to use available variables
		-->
		<urlparams>
			<option>com_example</option>
			<view>item</view>
			<extra>$extra</extra>
			<id>$cid</id>
		</urlparams>

		<!-- Menu item parameters
		 * Define the extra menu item params
		 * -> Use '$...' to use available variables
		-->
		<menuparams>
			<text1>$text1</text1>
			<text2>$text2</text2>
		</menuparams>
	</params>
</addtomenu>