<?xml version="1.0" encoding="utf-8"?>
<!DOCTYPE install SYSTEM "http://www.joomla.org/xml/dtd/1.5/module-install.dtd">
<install version="1.5.0" type="module">
	<name>Add to Menu</name>
	<description>MOD_ADDTOMENU_DESC</description>
	<version>1.6.1</version>
	<creationDate>March 2011</creationDate>
	<author>NoNumber! (Peter van Westen)</author>
	<authorEmail>peter@nonumber.nl</authorEmail>
	<authorUrl>http://www.nonumber.nl</authorUrl>
	<copyright>Copyright © 2011 NoNumber! All Rights Reserved</copyright>
	<license>http://www.gnu.org/licenses/gpl-2.0.html GNU/GPL</license>

	<files>
		<filename module="mod_addtomenu">mod_addtomenu.php</filename>
	</files>

	<!-- Parameters -->
	<params addpath="/plugins/system/nonumberelements/elements">
		<param name="@loadlanguage" type="loadlanguage" extension="mod_addtomenu" admin="1" />
		<param name="@license" type="license" extension="ADD_TO_MENU" />
		<param name="@version" type="version" extension="ADD_TO_MENU" xml="administrator/modules/mod_addtomenu/mod_addtomenu.xml" />
		<param name="@title" type="title"
			label="ADD_TO_MENU"
			description="ADD_TO_MENU_DESC"
			image="/administrator/modules/mod_addtomenu/addtomenu/images/logo.png"
			image_w="60" image_h="80"
			url="http://www.nonumber.nl/addtomenu"
			help_url="http://www.nonumber.nl/addtomenu" />

		<param name="display_link" type="radio" default="both" label="ATM_DISPLAY_LINK" description="ATM_DISPLAY_LINK_DESC">
			<option value="icon">ATM_ICON_ONLY</option>
			<option value="text">ATM_TEXT_ONLY</option>
			<option value="both">ATM_BOTH</option>
		</param>
		<param name="@toggler" type="toggler" param="display_link" value="text,both" />
			<param name="icon_text" type="text" default="Add to Menu" label="ATM_LINK_TEXT" description="ATM_LINK_TEXT_DESC" />
		<param name="@toggler" type="toggler" />
		<param name="display_tooltip" type="radio" default="1" label="ATM_DISPLAY_TOOLTIP" description="ATM_DISPLAY_TOOLTIP_DESC">
			<option value="0">No</option>
			<option value="1">Yes</option>
		</param>
	</params>
</install>